{
  // Server authentication info
  "servers": [
    {
      "host": "my-production-server.com",
      "username": "username",
      "password": "password"
      // or pem file (ssh based authentication)
      //"pem": "~/.ssh/id_rsa"
    }
  ],

  // Install MongoDB in the server, does not destroy local MongoDB on future setup
  "setupMongo": true,

  // WARNING: Node.js is required! Only skip if you already have Node.js installed on server.
  "setupNode": true,

  // WARNING: If nodeVersion omitted will setup 0.10.33 by default. Do not use v, only version number.
  "nodeVersion": "0.10.33",

  // Install PhantomJS in the server
  "setupPhantom": true,

  // Application name (No spaces)
  "appName": "[your-appname-here]",

  // Location of app (local directory)
  "app": "/path/to/the/app",

  // Configure environment
  "env": {
    "ROOT_URL": "http://localhost",
    "PORT" : 1337
  },

  // Meteor Up checks if the app comes online just after the deployment
  // before mup checks that, it will wait for no. of seconds configured below
  "deployCheckWaitTime": 15
}
